<?xml version="1.0" encoding="utf-8"?><!-- Copyright (c) Microsoft Corporation.  All rights reserved. --><GroupPolicyBackupScheme bkp:version="2.0" bkp:type="GroupPolicyBackupTemplate" xmlns:bkp="http://www.microsoft.com/GroupPolicy/GPOOperations" xmlns="http://www.microsoft.com/GroupPolicy/GPOOperations">
    <GroupPolicyObject><SecurityGroups><Group bkp:Source="FromDACL"><Sid><![CDATA[S-1-5-21-3403456266-2788430238-4093187215-519]]></Sid><SamAccountName><![CDATA[Ondernemingsadministrators]]></SamAccountName><Type><![CDATA[UniversalGroup]]></Type><NetBIOSDomainName><![CDATA[CMSTAAL]]></NetBIOSDomainName><DnsDomainName><![CDATA[cmstaal.local]]></DnsDomainName><UPN><![CDATA[Ondernemingsadministrators@cmstaal.local]]></UPN></Group><Group bkp:Source="FromDACL"><Sid><![CDATA[S-1-5-21-3403456266-2788430238-4093187215-512]]></Sid><SamAccountName><![CDATA[Domeinadministrators]]></SamAccountName><Type><![CDATA[GlobalGroup]]></Type><NetBIOSDomainName><![CDATA[CMSTAAL]]></NetBIOSDomainName><DnsDomainName><![CDATA[cmstaal.local]]></DnsDomainName><UPN><![CDATA[Domeinadministrators@cmstaal.local]]></UPN></Group></SecurityGroups><FilePaths/><GroupPolicyCoreSettings><ID><![CDATA[{33C29F12-6B02-49A1-A7B0-F103FCD9EE46}]]></ID><Domain><![CDATA[cmstaal.local]]></Domain><SecurityDescriptor>01 00 04 9c 00 00 00 00 00 00 00 00 00 00 00 00 14 00 00 00 04 00 ec 00 08 00 00 00 05 02 28 00 00 01 00 00 01 00 00 00 8f fd ac ed b3 ff d1 11 b4 1d 00 a0 c9 68 f9 39 01 01 00 00 00 00 00 05 0b 00 00 00 00 00 24 00 ff 00 0f 00 01 05 00 00 00 00 00 05 15 00 00 00 0a 9f dc ca 9e 11 34 a6 8f 14 f9 f3 00 02 00 00 00 02 24 00 ff 00 0f 00 01 05 00 00 00 00 00 05 15 00 00 00 0a 9f dc ca 9e 11 34 a6 8f 14 f9 f3 00 02 00 00 00 02 24 00 ff 00 0f 00 01 05 00 00 00 00 00 05 15 00 00 00 0a 9f dc ca 9e 11 34 a6 8f 14 f9 f3 07 02 00 00 00 02 14 00 94 00 02 00 01 01 00 00 00 00 00 05 09 00 00 00 00 02 14 00 94 00 02 00 01 01 00 00 00 00 00 05 0b 00 00 00 00 02 14 00 ff 00 0f 00 01 01 00 00 00 00 00 05 12 00 00 00 00 0a 14 00 ff 00 0f 00 01 01 00 00 00 00 00 03 00 00 00 00</SecurityDescriptor><DisplayName><![CDATA[CP Software MS Defender Check]]></DisplayName><Options><![CDATA[0]]></Options><UserVersionNumber><![CDATA[65537]]></UserVersionNumber><MachineVersionNumber><![CDATA[589833]]></MachineVersionNumber><MachineExtensionGuids><![CDATA[[{00000000-0000-0000-0000-000000000000}{3BAE7E51-E3F4-41D0-853D-9BB9FD47605F}{CAB54552-DEEA-4691-817E-ED4A4D1AFC72}][{7150F9BF-48AD-4DA4-A49C-29EF4A8369BA}{3BAE7E51-E3F4-41D0-853D-9BB9FD47605F}][{AADCED64-746C-4633-A97C-D61349046527}{CAB54552-DEEA-4691-817E-ED4A4D1AFC72}]]]></MachineExtensionGuids><UserExtensionGuids/><WMIFilter/></GroupPolicyCoreSettings> 
        <GroupPolicyExtension bkp:ID="{35378EAC-683F-11D2-A89A-00C04FBBCFA2}" bkp:DescName="Registry">
            
            
            <FSObjectFile bkp:Path="%GPO_FSPATH%\Adm\*.*" bkp:SourceExpandedPath="\\CMSTAAL-DC01.cmstaal.local\sysvol\cmstaal.local\Policies\{33C29F12-6B02-49A1-A7B0-F103FCD9EE46}\Adm\*.*"/>
        </GroupPolicyExtension>
        
        
        
        
        
        
        
        
        
    <GroupPolicyExtension bkp:ID="{F15C46CD-82A0-4C2D-A210-5D0D3182A418}" bkp:DescName="Unknown Extension"><FSObjectDir bkp:Path="%GPO_MACH_FSPATH%\Preferences" bkp:SourceExpandedPath="\\CMSTAAL-DC01.cmstaal.local\sysvol\cmstaal.local\Policies\{33C29F12-6B02-49A1-A7B0-F103FCD9EE46}\Machine\Preferences" bkp:Location="DomainSysvol\GPO\Machine\Preferences"/><FSObjectDir bkp:Path="%GPO_MACH_FSPATH%\Preferences\Files" bkp:SourceExpandedPath="\\CMSTAAL-DC01.cmstaal.local\sysvol\cmstaal.local\Policies\{33C29F12-6B02-49A1-A7B0-F103FCD9EE46}\Machine\Preferences\Files" bkp:Location="DomainSysvol\GPO\Machine\Preferences\Files"/><FSObjectFile bkp:Path="%GPO_MACH_FSPATH%\Preferences\Files\Files.xml" bkp:SourceExpandedPath="\\CMSTAAL-DC01.cmstaal.local\sysvol\cmstaal.local\Policies\{33C29F12-6B02-49A1-A7B0-F103FCD9EE46}\Machine\Preferences\Files\Files.xml" bkp:Location="DomainSysvol\GPO\Machine\Preferences\Files\Files.xml"/><FSObjectDir bkp:Path="%GPO_MACH_FSPATH%\Preferences\Registry" bkp:SourceExpandedPath="\\CMSTAAL-DC01.cmstaal.local\sysvol\cmstaal.local\Policies\{33C29F12-6B02-49A1-A7B0-F103FCD9EE46}\Machine\Preferences\Registry" bkp:Location="DomainSysvol\GPO\Machine\Preferences\Registry"/><FSObjectDir bkp:Path="%GPO_MACH_FSPATH%\Preferences\ScheduledTasks" bkp:SourceExpandedPath="\\CMSTAAL-DC01.cmstaal.local\sysvol\cmstaal.local\Policies\{33C29F12-6B02-49A1-A7B0-F103FCD9EE46}\Machine\Preferences\ScheduledTasks" bkp:Location="DomainSysvol\GPO\Machine\Preferences\ScheduledTasks"/><FSObjectFile bkp:Path="%GPO_MACH_FSPATH%\Preferences\ScheduledTasks\ScheduledTasks.xml" bkp:SourceExpandedPath="\\CMSTAAL-DC01.cmstaal.local\sysvol\cmstaal.local\Policies\{33C29F12-6B02-49A1-A7B0-F103FCD9EE46}\Machine\Preferences\ScheduledTasks\ScheduledTasks.xml" bkp:Location="DomainSysvol\GPO\Machine\Preferences\ScheduledTasks\ScheduledTasks.xml"/><FSObjectDir bkp:Path="%GPO_MACH_FSPATH%\Scripts" bkp:SourceExpandedPath="\\CMSTAAL-DC01.cmstaal.local\sysvol\cmstaal.local\Policies\{33C29F12-6B02-49A1-A7B0-F103FCD9EE46}\Machine\Scripts" bkp:Location="DomainSysvol\GPO\Machine\Scripts"/><FSObjectFile bkp:Path="%GPO_MACH_FSPATH%\Scripts\psscripts.ini" bkp:SourceExpandedPath="\\CMSTAAL-DC01.cmstaal.local\sysvol\cmstaal.local\Policies\{33C29F12-6B02-49A1-A7B0-F103FCD9EE46}\Machine\Scripts\psscripts.ini" bkp:Location="DomainSysvol\GPO\Machine\Scripts\psscripts.ini"/><FSObjectFile bkp:Path="%GPO_MACH_FSPATH%\Scripts\scripts.ini" bkp:SourceExpandedPath="\\CMSTAAL-DC01.cmstaal.local\sysvol\cmstaal.local\Policies\{33C29F12-6B02-49A1-A7B0-F103FCD9EE46}\Machine\Scripts\scripts.ini" bkp:Location="DomainSysvol\GPO\Machine\Scripts\scripts.ini"/><FSObjectDir bkp:Path="%GPO_MACH_FSPATH%\Scripts\Shutdown" bkp:SourceExpandedPath="\\CMSTAAL-DC01.cmstaal.local\sysvol\cmstaal.local\Policies\{33C29F12-6B02-49A1-A7B0-F103FCD9EE46}\Machine\Scripts\Shutdown" bkp:Location="DomainSysvol\GPO\Machine\Scripts\Shutdown"/><FSObjectDir bkp:Path="%GPO_MACH_FSPATH%\Scripts\Startup" bkp:SourceExpandedPath="\\CMSTAAL-DC01.cmstaal.local\sysvol\cmstaal.local\Policies\{33C29F12-6B02-49A1-A7B0-F103FCD9EE46}\Machine\Scripts\Startup" bkp:Location="DomainSysvol\GPO\Machine\Scripts\Startup"/></GroupPolicyExtension></GroupPolicyObject>
</GroupPolicyBackupScheme>