<BackupInst xmlns="http://www.microsoft.com/GroupPolicy/GPOOperations/Manifest"><GPOGuid><![CDATA[{33C29F12-6B02-49A1-A7B0-F103FCD9EE46}]]></GPOGuid><GPODomain><![CDATA[cmstaal.local]]></GPODomain><GPODomainGuid><![CDATA[{f6084b23-50fd-470c-a1e1-f205ecc28108}]]></GPODomainGuid><GPODomainController><![CDATA[CMSTAAL-DC01.cmstaal.local]]></GPODomainController><BackupTime><![CDATA[2024-06-18T10:12:09]]></BackupTime><ID><![CDATA[{01CDF1AE-F284-4752-9047-903A48C209D4}]]></ID><Comment><![CDATA[]]></Comment><GPODisplayName><![CDATA[CP Software MS Defender Check]]></GPODisplayName></BackupInst>
