<BackupInst xmlns="http://www.microsoft.com/GroupPolicy/GPOOperations/Manifest"><GPOGuid><![CDATA[{6126A857-5134-4C02-9BCD-71D3B8A75954}]]></GPOGuid><GPODomain><![CDATA[ee.econtrols-europe.com]]></GPODomain><GPODomainGuid><![CDATA[{b9f2bdc9-7371-452d-b9c5-7fb7321d90cd}]]></GPODomainGuid><GPODomainController><![CDATA[DC01.ee.econtrols-europe.com]]></GPODomainController><BackupTime><![CDATA[2024-01-03T14:22:44]]></BackupTime><ID><![CDATA[{DBF48F39-EFA0-4C3D-9802-335158C4ABFC}]]></ID><Comment><![CDATA[MDE Check]]></Comment><GPODisplayName><![CDATA[CP Software MS Defender Register toevoeging]]></GPODisplayName></BackupInst>
