<?xml version="1.0" encoding="utf-8"?>
<ScheduledTasks clsid="{CC63F200-7309-4ba0-B154-A71CD118DBCC}"><TaskV2 clsid="{D8896631-B747-47a7-84A6-C155337F3BC8}" name="MDE Check" image="0" changed="2024-01-03 13:42:00" uid="{51EB40A1-3B64-4D43-A193-90FC25D80608}" userContext="0" removePolicy="0"><Properties action="C" name="MDE Check" runAs="NT AUTHORITY\System" logonType="S4U"><Task version="1.2"><RegistrationInfo><Author>EE\admin-reset</Author><Description></Description></RegistrationInfo><Principals><Principal id="Author"><UserId>NT AUTHORITY\System</UserId><LogonType>S4U</LogonType><RunLevel>HighestAvailable</RunLevel></Principal></Principals><Settings><IdleSettings><Duration>PT5M</Duration><WaitTimeout>PT1H</WaitTimeout><StopOnIdleEnd>false</StopOnIdleEnd><RestartOnIdle>false</RestartOnIdle></IdleSettings><MultipleInstancesPolicy>IgnoreNew</MultipleInstancesPolicy><DisallowStartIfOnBatteries>false</DisallowStartIfOnBatteries><StopIfGoingOnBatteries>false</StopIfGoingOnBatteries><AllowHardTerminate>false</AllowHardTerminate><StartWhenAvailable>true</StartWhenAvailable><RunOnlyIfNetworkAvailable>true</RunOnlyIfNetworkAvailable><AllowStartOnDemand>true</AllowStartOnDemand><Enabled>true</Enabled><Hidden>false</Hidden><ExecutionTimeLimit>PT0S</ExecutionTimeLimit><Priority>7</Priority></Settings><Triggers><BootTrigger><Enabled>true</Enabled><Delay>PT1M</Delay><Repetition><Interval>PT10M</Interval><Duration>PT30M</Duration><StopAtDurationEnd>false</StopAtDurationEnd></Repetition></BootTrigger></Triggers><Actions Context="Author"><Exec><Command>powershell.exe</Command><Arguments>-ExecutionPolicy Bypass -File C:\temp\CheckMDE-RegistryAddRemove.ps1</Arguments></Exec>
				</Actions></Task></Properties></TaskV2>
</ScheduledTasks>
