<Backups xmlns="http://www.microsoft.com/GroupPolicy/GPOOperations/Manifest" xmlns:mfst="http://www.microsoft.com/GroupPolicy/GPOOperations/Manifest" mfst:version="1.0"><BackupInst><GPOGuid><![CDATA[{6126A857-5134-4C02-9BCD-71D3B8A75954}]]></GPOGuid><GPODomain><![CDATA[ee.econtrols-europe.com]]></GPODomain><GPODomainGuid><![CDATA[{b9f2bdc9-7371-452d-b9c5-7fb7321d90cd}]]></GPODomainGuid><GPODomainController><![CDATA[DC01.ee.econtrols-europe.com]]></GPODomainController><BackupTime><![CDATA[2024-01-19T15:00:30]]></BackupTime><ID><![CDATA[{202EAA88-5B2E-4911-AE1F-8FAA03F6365E}]]></ID><Comment><![CDATA[]]></Comment><GPODisplayName><![CDATA[CP Software MS Defender Check]]></GPODisplayName></BackupInst></Backups>